-- phpMyAdmin SQL Dump
-- version 5.2.1
-- https://www.phpmyadmin.net/
--
-- Host: 127.0.0.1
-- Generation Time: Oct 06, 2024 at 09:51 AM
-- Server version: 10.4.32-MariaDB
-- PHP Version: 8.2.12

SET SQL_MODE = "NO_AUTO_VALUE_ON_ZERO";
START TRANSACTION;
SET time_zone = "+00:00";


/*!40101 SET @OLD_CHARACTER_SET_CLIENT=@@CHARACTER_SET_CLIENT */;
/*!40101 SET @OLD_CHARACTER_SET_RESULTS=@@CHARACTER_SET_RESULTS */;
/*!40101 SET @OLD_COLLATION_CONNECTION=@@COLLATION_CONNECTION */;
/*!40101 SET NAMES utf8mb4 */;

--
-- Database: `evaluation_db`
--

-- --------------------------------------------------------

--
-- Table structure for table `academic_list`
--

CREATE TABLE `academic_list` (
  `id` int(30) NOT NULL,
  `year` text NOT NULL,
  `semester` int(30) NOT NULL,
  `is_default` tinyint(1) NOT NULL DEFAULT 0,
  `status` int(1) NOT NULL DEFAULT 0 COMMENT '0=Pending,1=Start,2=Closed'
) ENGINE=InnoDB DEFAULT CHARSET=utf8mb4 COLLATE=utf8mb4_general_ci;

--
-- Dumping data for table `academic_list`
--

INSERT INTO `academic_list` (`id`, `year`, `semester`, `is_default`, `status`) VALUES
(1, '2019-2020', 1, 0, 0),
(2, '2019-2020', 2, 0, 0),
(3, '2020-2021', 1, 1, 1);

-- --------------------------------------------------------

--
-- Table structure for table `class_list`
--

CREATE TABLE `class_list` (
  `id` int(30) NOT NULL,
  `curriculum` text NOT NULL,
  `level` text NOT NULL,
  `section` text NOT NULL,
  `class_code` varchar(10) NOT NULL,
  `teacher_id` int(10) NOT NULL,
  `subject_id` varchar(10) NOT NULL
) ENGINE=InnoDB DEFAULT CHARSET=utf8mb4 COLLATE=utf8mb4_general_ci;

--
-- Dumping data for table `class_list`
--

INSERT INTO `class_list` (`id`, `curriculum`, `level`, `section`, `class_code`, `teacher_id`, `subject_id`) VALUES
(1, 'BSIT', '1', 'A', '', 0, ''),
(2, 'BSIT', '1', 'B', '', 0, ''),
(3, 'BSIT', '1', 'C', 'ewhrgejwr', 4, '3'),
(4, 'BSHM-', '1', 'D', 'a2a9a696', 3, '3');

-- --------------------------------------------------------

--
-- Table structure for table `criteria_list`
--

CREATE TABLE `criteria_list` (
  `id` int(30) NOT NULL,
  `criteria` text NOT NULL,
  `order_by` int(30) NOT NULL
) ENGINE=InnoDB DEFAULT CHARSET=utf8mb4 COLLATE=utf8mb4_general_ci;

--
-- Dumping data for table `criteria_list`
--

INSERT INTO `criteria_list` (`id`, `criteria`, `order_by`) VALUES
(1, 'Criteria 101', 0),
(2, 'Criteria 102', 1);

-- --------------------------------------------------------

--
-- Table structure for table `evaluation_answers`
--

CREATE TABLE `evaluation_answers` (
  `evaluation_id` int(30) NOT NULL,
  `question_id` int(30) NOT NULL,
  `rate` int(20) NOT NULL
) ENGINE=InnoDB DEFAULT CHARSET=utf8mb4 COLLATE=utf8mb4_general_ci;

--
-- Dumping data for table `evaluation_answers`
--

INSERT INTO `evaluation_answers` (`evaluation_id`, `question_id`, `rate`) VALUES
(1, 1, 5),
(1, 6, 4),
(1, 3, 5),
(2, 1, 5),
(2, 6, 5),
(2, 3, 4),
(3, 1, 5),
(3, 6, 5),
(3, 3, 4),
(4, 1, 5),
(4, 6, 5),
(4, 7, 5);

-- --------------------------------------------------------

--
-- Table structure for table `evaluation_list`
--

CREATE TABLE `evaluation_list` (
  `evaluation_id` int(30) NOT NULL,
  `academic_id` int(30) NOT NULL,
  `class_id` int(30) NOT NULL,
  `student_id` int(30) NOT NULL,
  `subject_id` int(30) NOT NULL,
  `faculty_id` int(30) NOT NULL,
  `restriction_id` int(30) NOT NULL,
  `date_taken` datetime NOT NULL DEFAULT current_timestamp()
) ENGINE=InnoDB DEFAULT CHARSET=utf8mb4 COLLATE=utf8mb4_general_ci;

--
-- Dumping data for table `evaluation_list`
--

INSERT INTO `evaluation_list` (`evaluation_id`, `academic_id`, `class_id`, `student_id`, `subject_id`, `faculty_id`, `restriction_id`, `date_taken`) VALUES
(1, 3, 1, 1, 1, 1, 8, '2020-12-15 16:26:51'),
(2, 3, 2, 2, 2, 1, 9, '2020-12-15 16:33:37'),
(3, 3, 1, 3, 1, 1, 8, '2020-12-15 20:18:49'),
(4, 3, 1, 4, 2, 2, 11, '2024-08-20 20:41:29');

-- --------------------------------------------------------

--
-- Table structure for table `faculty_list`
--

CREATE TABLE `faculty_list` (
  `id` int(30) NOT NULL,
  `school_id` varchar(100) NOT NULL,
  `firstname` varchar(200) NOT NULL,
  `lastname` varchar(200) NOT NULL,
  `email` varchar(200) NOT NULL,
  `password` text NOT NULL,
  `avatar` text NOT NULL DEFAULT 'no-image-available.png',
  `date_created` datetime NOT NULL DEFAULT current_timestamp(),
  `position` varchar(10) NOT NULL
) ENGINE=InnoDB DEFAULT CHARSET=utf8mb4 COLLATE=utf8mb4_general_ci;

--
-- Dumping data for table `faculty_list`
--

INSERT INTO `faculty_list` (`id`, `school_id`, `firstname`, `lastname`, `email`, `password`, `avatar`, `date_created`, `position`) VALUES
(1, '20140623', 'George', 'Wilson', 'gwilson@sample.com', 'd40242fb23c45206fadee4e2418f274f', '1608011100_avatar.jpg', '2020-12-15 13:45:18', ''),
(2, '111942434', 'John', 'Ernest', 'ernest@gmail.com', '200820e3227815ed1756a6b531e7e0d2', '1723637940_PUREDC.png', '2024-08-14 20:19:27', ''),
(3, '24234324', 'henry', 'Sy', 'henrySy@gmail.com', '200820e3227815ed1756a6b531e7e0d2', 'no-image-available.png', '2024-08-23 11:17:31', '');

-- --------------------------------------------------------

--
-- Table structure for table `question_list`
--

CREATE TABLE `question_list` (
  `id` int(30) NOT NULL,
  `academic_id` int(30) NOT NULL,
  `question` text NOT NULL,
  `order_by` int(30) NOT NULL,
  `criteria_id` int(30) NOT NULL,
  `staff_id` int(11) NOT NULL
) ENGINE=InnoDB DEFAULT CHARSET=utf8mb4 COLLATE=utf8mb4_general_ci;

--
-- Dumping data for table `question_list`
--

INSERT INTO `question_list` (`id`, `academic_id`, `question`, `order_by`, `criteria_id`, `staff_id`) VALUES
(1, 3, 'Sample Question', 0, 1, 0),
(5, 0, 'Question 101', 0, 1, 0),
(6, 3, 'Sample 101', 1, 1, 0),
(8, 3, '324234', 3, 2, 0),
(10, 3, '213214', 4, 2, 0),
(13, 3, '213213', 5, 2, 0),
(14, 3, 'gdfd', 2, 1, 0),
(15, 3, 'wqeqwe', 6, 1, 0);

-- --------------------------------------------------------

--
-- Table structure for table `restriction_list`
--

CREATE TABLE `restriction_list` (
  `id` int(30) NOT NULL,
  `academic_id` int(30) NOT NULL,
  `faculty_id` int(30) NOT NULL,
  `class_id` int(30) NOT NULL,
  `subject_id` int(30) NOT NULL
) ENGINE=InnoDB DEFAULT CHARSET=utf8mb4 COLLATE=utf8mb4_general_ci;

--
-- Dumping data for table `restriction_list`
--

INSERT INTO `restriction_list` (`id`, `academic_id`, `faculty_id`, `class_id`, `subject_id`) VALUES
(41, 3, 3, 2, 2),
(43, 3, 3, 2, 2),
(44, 3, 2, 1, 1),
(45, 3, 2, 2, 2);

-- --------------------------------------------------------

--
-- Table structure for table `staff_list`
--

CREATE TABLE `staff_list` (
  `id` int(11) NOT NULL,
  `staff_id` varchar(50) NOT NULL,
  `firstname` varchar(100) NOT NULL,
  `lastname` varchar(100) NOT NULL,
  `avatar` varchar(255) DEFAULT NULL,
  `email` varchar(150) NOT NULL,
  `password` varchar(255) NOT NULL,
  `created_at` timestamp NOT NULL DEFAULT current_timestamp(),
  `updated_at` timestamp NOT NULL DEFAULT current_timestamp() ON UPDATE current_timestamp()
) ENGINE=InnoDB DEFAULT CHARSET=utf8mb4 COLLATE=utf8mb4_general_ci;

--
-- Dumping data for table `staff_list`
--

INSERT INTO `staff_list` (`id`, `staff_id`, `firstname`, `lastname`, `avatar`, `email`, `password`, `created_at`, `updated_at`) VALUES
(2, '3242352345', 'Luka', 'Doncic', 'staff-1724116806.png', 'lukaDoncic@gmail.com', '$2y$10$xlHphrco6.TznqtWIVef7O0HD9.RE1RJmmjbc10WPel0t06MkNH22', '2024-08-20 01:20:06', '2024-08-20 01:20:06'),
(3, '214324345643', 'Kyrie ', 'Irving', 'staff-1724161513.jfif', 'kyrieIrve@gmail.com', '$2y$10$yF44adflYZsDPhJdBfD63.L0dkGjNydqLESvzbN32TrYNfQH.QMYC', '2024-08-20 13:45:13', '2024-08-20 13:45:13'),
(4, '1324325412', 'Lebron', 'James', 'staff-1724382854.jfif', 'lebron@gmail.com', '$2y$10$WhRi0eMiqN45p2QG18WWGeIaLCxrY0jTntmj/pxR4CddiFRGOW5me', '2024-08-23 03:14:14', '2024-08-23 03:14:14');

-- --------------------------------------------------------

--
-- Table structure for table `student_list`
--

CREATE TABLE `student_list` (
  `id` int(30) NOT NULL,
  `school_id` varchar(100) NOT NULL,
  `firstname` varchar(200) NOT NULL,
  `lastname` varchar(200) NOT NULL,
  `email` varchar(200) NOT NULL,
  `password` text NOT NULL,
  `class_id` int(30) NOT NULL,
  `avatar` text NOT NULL DEFAULT 'no-image-available.png',
  `date_created` datetime NOT NULL DEFAULT current_timestamp()
) ENGINE=InnoDB DEFAULT CHARSET=utf8mb4 COLLATE=utf8mb4_general_ci;

--
-- Dumping data for table `student_list`
--

INSERT INTO `student_list` (`id`, `school_id`, `firstname`, `lastname`, `email`, `password`, `class_id`, `avatar`, `date_created`) VALUES
(1, '6231415', 'John', 'Smith', 'jsmith@sample.com', '1254737c076cf867dc53d60a0364f38e', 1, '1608012360_avatar.jpg', '2020-12-15 14:06:14'),
(2, '101497', 'Claire', 'Blake', 'cblake@sample.com', '4744ddea876b11dcb1d169fadf494418', 2, '1608012720_47446233-clean-noir-et-gradient-sombre-image-de-fond-abstrait-.jpg', '2020-12-15 14:12:03'),
(3, '123', 'Mike', 'Williams', 'mwilliams@sample.com', '3cc93e9a6741d8b40460457139cf8ced', 1, '1608034680_1605601740_download.jpg', '2020-12-15 20:18:22'),
(4, '11194642654', 'Gian heinrich', 'Recaña', 'recana@gmail.com', '25f9e794323b453885f5181f1b624d0b', 1, '1723611120_1165039.jpg', '2024-08-14 12:52:53'),
(5, '11194642654', 'John', 'Ernest', 'rkteloy@gmail.com', '25f9e794323b453885f5181f1b624d0b', 2, 'uploads/avatars/avatar_66bcaf234a986.png', '2024-08-14 21:20:35');

-- --------------------------------------------------------

--
-- Table structure for table `subject_list`
--

CREATE TABLE `subject_list` (
  `id` int(30) NOT NULL,
  `code` varchar(50) NOT NULL,
  `subject` text NOT NULL,
  `description` text NOT NULL
) ENGINE=InnoDB DEFAULT CHARSET=utf8mb4 COLLATE=utf8mb4_general_ci;

--
-- Dumping data for table `subject_list`
--

INSERT INTO `subject_list` (`id`, `code`, `subject`, `description`) VALUES
(1, 'SCC-PF201-IT2A', 'OBJECT-ORIENTED PROGRAMMING 1', 'OBJECT-ORIENTED PROGRAMMING 1'),
(2, 'ENG-101', 'English', 'English'),
(3, 'CC-102', 'COMPUTER PROGRAMMING 1', 'COMPUTER PROGRAMMING 1');

-- --------------------------------------------------------

--
-- Table structure for table `system_settings`
--

CREATE TABLE `system_settings` (
  `id` int(30) NOT NULL,
  `name` text NOT NULL,
  `email` varchar(200) NOT NULL,
  `contact` varchar(20) NOT NULL,
  `address` text NOT NULL,
  `cover_img` text NOT NULL
) ENGINE=InnoDB DEFAULT CHARSET=utf8mb4 COLLATE=utf8mb4_general_ci;

--
-- Dumping data for table `system_settings`
--

INSERT INTO `system_settings` (`id`, `name`, `email`, `contact`, `address`, `cover_img`) VALUES
(1, 'Faculty Evaluation System', 'info@sample.comm', '+6948 8542 623', '2102  Caldwell Road, Rochester, New York, 14608', '');

-- --------------------------------------------------------

--
-- Table structure for table `users`
--

CREATE TABLE `users` (
  `id` int(30) NOT NULL,
  `firstname` varchar(200) NOT NULL,
  `lastname` varchar(200) NOT NULL,
  `email` varchar(200) NOT NULL,
  `password` text NOT NULL,
  `avatar` text NOT NULL DEFAULT 'no-image-available.png',
  `date_created` datetime NOT NULL DEFAULT current_timestamp()
) ENGINE=InnoDB DEFAULT CHARSET=utf8mb4 COLLATE=utf8mb4_general_ci;

--
-- Dumping data for table `users`
--

INSERT INTO `users` (`id`, `firstname`, `lastname`, `email`, `password`, `avatar`, `date_created`) VALUES
(1, 'Administrator', '', 'admin@admin.com', '0192023a7bbd73250516f069df18b500', '1607135820_avatar.jpg', '2020-11-26 10:57:04');

--
-- Indexes for dumped tables
--

--
-- Indexes for table `academic_list`
--
ALTER TABLE `academic_list`
  ADD PRIMARY KEY (`id`);

--
-- Indexes for table `class_list`
--
ALTER TABLE `class_list`
  ADD PRIMARY KEY (`id`);

--
-- Indexes for table `criteria_list`
--
ALTER TABLE `criteria_list`
  ADD PRIMARY KEY (`id`);

--
-- Indexes for table `evaluation_list`
--
ALTER TABLE `evaluation_list`
  ADD PRIMARY KEY (`evaluation_id`);

--
-- Indexes for table `faculty_list`
--
ALTER TABLE `faculty_list`
  ADD PRIMARY KEY (`id`);

--
-- Indexes for table `question_list`
--
ALTER TABLE `question_list`
  ADD PRIMARY KEY (`id`);

--
-- Indexes for table `restriction_list`
--
ALTER TABLE `restriction_list`
  ADD PRIMARY KEY (`id`);

--
-- Indexes for table `staff_list`
--
ALTER TABLE `staff_list`
  ADD PRIMARY KEY (`id`),
  ADD UNIQUE KEY `staff_id` (`staff_id`),
  ADD UNIQUE KEY `email` (`email`);

--
-- Indexes for table `student_list`
--
ALTER TABLE `student_list`
  ADD PRIMARY KEY (`id`);

--
-- Indexes for table `subject_list`
--
ALTER TABLE `subject_list`
  ADD PRIMARY KEY (`id`);

--
-- Indexes for table `system_settings`
--
ALTER TABLE `system_settings`
  ADD PRIMARY KEY (`id`);

--
-- Indexes for table `users`
--
ALTER TABLE `users`
  ADD PRIMARY KEY (`id`);

--
-- AUTO_INCREMENT for dumped tables
--

--
-- AUTO_INCREMENT for table `academic_list`
--
ALTER TABLE `academic_list`
  MODIFY `id` int(30) NOT NULL AUTO_INCREMENT, AUTO_INCREMENT=4;

--
-- AUTO_INCREMENT for table `class_list`
--
ALTER TABLE `class_list`
  MODIFY `id` int(30) NOT NULL AUTO_INCREMENT, AUTO_INCREMENT=5;

--
-- AUTO_INCREMENT for table `criteria_list`
--
ALTER TABLE `criteria_list`
  MODIFY `id` int(30) NOT NULL AUTO_INCREMENT, AUTO_INCREMENT=4;

--
-- AUTO_INCREMENT for table `evaluation_list`
--
ALTER TABLE `evaluation_list`
  MODIFY `evaluation_id` int(30) NOT NULL AUTO_INCREMENT, AUTO_INCREMENT=5;

--
-- AUTO_INCREMENT for table `faculty_list`
--
ALTER TABLE `faculty_list`
  MODIFY `id` int(30) NOT NULL AUTO_INCREMENT, AUTO_INCREMENT=4;

--
-- AUTO_INCREMENT for table `question_list`
--
ALTER TABLE `question_list`
  MODIFY `id` int(30) NOT NULL AUTO_INCREMENT, AUTO_INCREMENT=16;

--
-- AUTO_INCREMENT for table `restriction_list`
--
ALTER TABLE `restriction_list`
  MODIFY `id` int(30) NOT NULL AUTO_INCREMENT, AUTO_INCREMENT=46;

--
-- AUTO_INCREMENT for table `staff_list`
--
ALTER TABLE `staff_list`
  MODIFY `id` int(11) NOT NULL AUTO_INCREMENT, AUTO_INCREMENT=5;

--
-- AUTO_INCREMENT for table `student_list`
--
ALTER TABLE `student_list`
  MODIFY `id` int(30) NOT NULL AUTO_INCREMENT, AUTO_INCREMENT=7;

--
-- AUTO_INCREMENT for table `subject_list`
--
ALTER TABLE `subject_list`
  MODIFY `id` int(30) NOT NULL AUTO_INCREMENT, AUTO_INCREMENT=4;

--
-- AUTO_INCREMENT for table `system_settings`
--
ALTER TABLE `system_settings`
  MODIFY `id` int(30) NOT NULL AUTO_INCREMENT, AUTO_INCREMENT=2;

--
-- AUTO_INCREMENT for table `users`
--
ALTER TABLE `users`
  MODIFY `id` int(30) NOT NULL AUTO_INCREMENT, AUTO_INCREMENT=2;
COMMIT;

/*!40101 SET CHARACTER_SET_CLIENT=@OLD_CHARACTER_SET_CLIENT */;
/*!40101 SET CHARACTER_SET_RESULTS=@OLD_CHARACTER_SET_RESULTS */;
/*!40101 SET COLLATION_CONNECTION=@OLD_COLLATION_CONNECTION */;
